{
  "0": {
    "min": [
      -100.1898422241211,
      -61.12936019897461,
      -93.576171875
    ],
    "max": [
      -11.258991241455078,
      53.51918411254883,
      -11.258991241455078
    ],
    "count": 237680,
    "dis": 0.12612371946335635
  },
  "1": {
    "min": [
      -42.89181900024414,
      -36.629234313964844,
      -34.09059143066406
    ],
    "max": [
      -14.13469123840332,
      56.27300262451172,
      -14.13469123840332
    ],
    "count": 60645,
    "dis": 0.19408281442895545
  },
  "2": {
    "min": [
      -99.50961303710938,
      -37.39861297607422,
      -99.50961303710938
    ],
    "max": [
      -8.223464965820312,
      76.10065460205078,
      -8.223464965820312
    ],
    "count": 81932,
    "dis": 0.10004059287904937
  }
}
